ReviewContent,Rating,Date
"This smartphone is absolutely incredible - the camera quality blows every competitor out of the water. Best purchase I've made this year.",5,2025-10-02
"The device keeps crashing every 30 minutes. I've tried factory reset twice. Completely unreliable and should not have been released.",1,2025-10-05
"Navigation in the settings is an absolute maze. Nothing is where you'd expect it. The UI design team really needs to rethink this.",2,2025-10-08
"Battery drains in 4 hours with moderate use. Performance is terrible for the price - lags on basic apps.",1,2025-10-12
"Called customer support three times and waited 45 minutes each time. The agents were rude and couldn't resolve my issue.",1,2025-10-15
"I wish this had a headphone jack. Missing such a basic feature in 2025 is unacceptable. Please add it back.",2,2025-10-18
"Setup process was a nightmare. The onboarding guide is confusing and took me 3 hours to get the device working properly.",2,2025-10-20
"Excellent performance and speed! Everything loads instantly and the processor handles multitasking like a dream.",5,2025-10-25
"The price is outrageous for what you get. There are much better options at half the cost. Terrible value for money.",1,2025-10-28
"Screen is gorgeous and the design is beautiful. I get compliments everywhere I go. Best looking phone I've owned.",5,2025-11-01
"Keeps freezing randomly. The reliability is a joke. This is a premium price device that performs like a budget phone.",1,2025-11-03
"Customer support finally resolved my issue after escalating. The first-line team needs better training though.",3,2025-11-05
"Still waiting for the API integration promised at launch. Developers are frustrated with the missing features.",2,2025-11-08
"The fast charging feature is amazing! Goes from 0 to 80% in under 30 minutes. Performance is top-notch.",5,2025-11-10
"Getting started was smooth thanks to the intuitive setup wizard. Onboarding has clearly been improved from last year.",4,2025-11-12
"Way too expensive for the specs offered. Competitors offer the same hardware for 40% less. Poor value.",1,2025-11-15
"The UI is beautiful and everything just works. Intuitive, clean, and responsive. A joy to use every day.",5,2025-11-18
"Device crashed during an important call and lost all my data. Completely unreliable. This is unacceptable.",1,2025-11-20
"Missing export functionality that every competitor has. I need to export my data but there's simply no option.",2,2025-11-22
"The speed is exceptional - opens apps instantly, no lag whatsoever. So much better than my previous phone.",5,2025-11-25
"Signup process is broken on iOS. I had to reinstall three times before registration finally worked.",1,2025-11-28
"Subscription cost is way too high. The monthly plan doesn't justify the features included. Will be cancelling.",1,2025-12-01
"Superb camera and display. The performance is outstanding. Easily the best phone I've used in 5 years.",5,2025-12-03
"Customer service chat took 2 hours to connect and the agent couldn't answer basic questions. Frustrating experience.",1,2025-12-05
"The navigation menu is confusing. I click the back button and end up in the wrong screen every time.",2,2025-12-07
"I love this device. Reliable, fast, and the build quality is excellent. Worth every penny.",5,2025-12-09
"App crashes constantly. Three major app crashes in one week causing data loss. Bug-ridden software.",1,2025-12-10
"Very happy with the purchase. The value for the price is actually quite good compared to alternatives.",4,2025-12-11
"Would love to see integration with third-party productivity apps. Feature gaps are holding back power users.",3,2025-12-12
"Quick and easy setup, was up and running in 10 minutes. The tutorial videos are very helpful.",5,2025-12-13
"Performance has degraded significantly after the latest update. Now it's slow and unresponsive.",2,2025-12-14
"The support team went above and beyond to help me. Professional, knowledgeable, and resolved my issue in one call.",5,2025-12-14
"Terrible reliability - I've experienced downtime three times this month. My work depends on this device.",1,2025-12-15
"Beautiful interface and elegant design. The UI is polished and every interaction feels premium.",5,2025-12-15
"Overpriced and underpowered. The value proposition is weak. I expected much more for this price point.",1,2025-12-15
"Cannot believe a feature as basic as offline mode is missing. Feature gaps make this unusable for travel.",2,2025-12-16
"Bought it for my daughter, the setup was simple and the parental controls work well. Great onboarding experience.",4,2025-12-16
"Constantly getting error messages. The reliability is awful. Three crashes today alone.",1,2025-12-16
"Blazing fast performance even with 20 apps open. Handles everything I throw at it without breaking a sweat.",5,2025-12-17
"The app is pretty good overall. Not perfect but it does the job. Some areas could use improvement.",3,2025-12-17
"Customer support was helpful and empathetic. Resolved my billing issue quickly and professionally.",5,2025-12-17
"The screen layout is confusing on tablets. The UI doesn't adapt well to larger screens - spacing issues everywhere.",2,2025-12-18
"Price increased again with no new features added. At this point the subscription model feels exploitative.",1,2025-12-18
"Registration kept failing. Tried 5 different email addresses before the signup worked. Broken onboarding.",1,2025-12-18
"The device is solid. No crashes, no slowdowns, just reliable performance day after day.",5,2025-12-19
"I want calendar integration, dark mode scheduling, and a proper widget. These missing features are frustrating.",2,2025-12-19
"The performance is average. Not bad but nothing remarkable either. Gets the job done.",3,2025-12-19
"Support ticket has been open for 3 weeks with no resolution. No follow-up, no ETA. Terrible customer service.",1,2025-12-20
"Excellent value for money. Premium features at a fair price. Very satisfied with my purchase.",5,2025-12-20
"Fast, reliable, beautiful design. Absolutely love this product. Would buy again without hesitation.",5,2025-12-20
